[
  {
    "model": "inventario.usuario",
    "fields": {
      "password": "pbkdf2_sha256$120000$9mjuMUsIvrio$lJNJ4AP1AqLGh9z4lTV+NsIaXAuEt5A4Pjc48DUsXa8=",
      "last_login": "2020-06-09T18:59:58.342Z",
      "is_superuser": true,
      "is_staff": true,
      "is_active": true,
      "date_joined": "2019-03-14T15:29:13.133Z",
      "username": "superadmin",
      "email": "correo@correo.com",
      "first_name": "Nombre-Aleatorio",
      "last_name": "Apellido-Aleatorio",
      "nivel": 2,
      "groups": [],
      "user_permissions": []
    }
  },
  {
    "model": "inventario.usuario",
    "fields": {
      "password": "pbkdf2_sha256$150000$h70aogsWKQz1$A680BMyVmKD+EXmzZwuuoVLkRJMHBfOvSpKwV9rVk0o=",
      "last_login": "2024-06-18T15:50:31.855Z",
      "is_superuser": true,
      "is_staff": true,
      "is_active": true,
      "date_joined": "2020-06-09T21:07:40.495Z",
      "username": "admin",
      "email": "correocualquiera@correo.com",
      "first_name": "nombre",
      "last_name": "apellido",
      "nivel": 1,
      "groups": [],
      "user_permissions": []
    }
  },
  {
    "model": "inventario.usuario",
    "fields": {
      "password": "pbkdf2_sha256$870000$FNwKdhre8NhQVFPsfUXdYI$0ajZ0mthWlbjl1h058BLEn+IRD9tG+q3MAZq0XfabUc=",
      "last_login": "2025-09-05T21:21:42.146Z",
      "is_superuser": true,
      "is_staff": true,
      "is_active": true,
      "date_joined": "2024-06-18T15:51:42.653Z",
      "username": "1713959011001",
      "email": "linapumalpa3@gmail.com",
      "first_name": "Lina",
      "last_name": "Pumalpa",
      "nivel": 1,
      "groups": [],
      "user_permissions": []
    }
  },
  {
    "model": "inventario.usuario",
    "fields": {
      "password": "pbkdf2_sha256$1000000$kkfjMUbkpFXnBsJ1JcwD49$EarjbbuPrplJ5ioBtOMRwjHCDsfd+CzyPtRC1NOVe4g=",
      "last_login": null,
      "is_superuser": true,
      "is_staff": true,
      "is_active": true,
      "date_joined": "2025-09-01T15:34:50.847Z",
      "username": "2300617863",
      "email": "camilo.pumalpa@gmail.com",
      "first_name": "CAMILO CALDERON",
      "last_name": "",
      "nivel": 1,
      "groups": [],
      "user_permissions": []
    }
  },
  {
    "model": "inventario.usuario",
    "fields": {
      "password": "pbkdf2_sha256$870000$14bL0A2TJWYj5ibJIYBSxh$lxEr3TRxZU4XtvL+uY8zs8iknmr7GykVWOaz8XNf5fc=",
      "last_login": "2025-09-01T15:48:40.271Z",
      "is_superuser": true,
      "is_staff": true,
      "is_active": true,
      "date_joined": "2025-09-01T15:48:23.636Z",
      "username": "1722183967",
      "email": "kandres@gmail.cpm",
      "first_name": "ANDRES PAZ",
      "last_name": "",
      "nivel": 1,
      "groups": [],
      "user_permissions": []
    }
  },
  {
    "model": "inventario.empresa",
    "pk": 1,
    "fields": {
      "ruc": "1713959011001",
      "razon_social": "Empresa 1713959011001"
    }
  },
  {
    "model": "inventario.usuarioempresa",
    "pk": 1,
    "fields": {
      "usuario": [
        "1713959011001"
      ],
      "empresa": 1
    }
  },
  {
    "model": "inventario.usuarioempresa",
    "pk": 2,
    "fields": {
      "usuario": [
        "2300617863"
      ],
      "empresa": 1
    }
  },
  {
    "model": "inventario.usuarioempresa",
    "pk": 3,
    "fields": {
      "usuario": [
        "1722183967"
      ],
      "empresa": 1
    }
  },
  {
    "model": "inventario.opciones",
    "pk": 1,
    "fields": {
      "empresa": null,
      "identificacion": "1713959011001",
      "firma_electronica": "firmas/1713959011_usbxCwB.p12",
      "password_firma": "PXIdnM",
      "fecha_caducidad_firma": "2026-11-29",
      "razon_social": "PUMALPA MORILLO LINA YOLANDA",
      "nombre_comercial": "MARIA SOLEDAD BOUTIQUE SD",
      "direccion_establecimiento": "SANTO DOMINGO DE LOS TSACHILAS / SANTO DOMINGO / CHIGUILPE / AV. QUITO SN  Y RIO YAMBOYA",
      "correo": "linapumalpa3@gmail.com",
      "telefono": "0991116753",
      "obligado": "NO",
      "tipo_regimen": "GENERAL",
      "es_contribuyente_especial": false,
      "numero_contribuyente_especial": null,
      "imagen": "logos/LOGO_MQV6vxX.jpg",
      "es_agente_retencion": false,
      "numero_agente_retencion": null,
      "valor_iva": 15,
      "moneda": "USD",
      "nombre_negocio": "Mi negocio",
      "mensaje_factura": "l",
      "tipo_ambiente": "2",
      "tipo_emision": "1"
    }
  },
  {
    "model": "inventario.cliente",
    "pk": 1,
    "fields": {
      "empresa": 1,
      "tipoIdentificacion": "05",
      "identificacion": "2300286628",
      "razon_social": "ROBLES RISCO ALISSON ESTHER",
      "nombre_comercial": "",
      "direccion": "VIA QUEVEDO KM 4 RIO VERDE COO",
      "telefono": "",
      "correo": "roblesalisson@gmail.com",
      "observaciones": "",
      "convencional": "",
      "tipoVenta": "1",
      "tipoRegimen": "1",
      "tipoCliente": "1"
    }
  },
  {
    "model": "inventario.cliente",
    "pk": 2,
    "fields": {
      "empresa": 1,
      "tipoIdentificacion": "05",
      "identificacion": "1750848333",
      "razon_social": "MICHELENA PUMALPA ANDREA MERCEDES",
      "nombre_comercial": "",
      "direccion": "SN SN URB EL PORTON EL CONSEJO",
      "telefono": "",
      "correo": "anmichelena2@gmail.com",
      "observaciones": "",
      "convencional": "",
      "tipoVenta": "1",
      "tipoRegimen": "1",
      "tipoCliente": "1"
    }
  },
  {
    "model": "inventario.cliente",
    "pk": 3,
    "fields": {
      "empresa": 1,
      "tipoIdentificacion": "05",
      "identificacion": "0803589175",
      "razon_social": "DIAZ BARREIRO LEONARDO ANDRES",
      "nombre_comercial": "",
      "direccion": "SN SN EL PORTO DEL C. P",
      "telefono": "",
      "correo": "",
      "observaciones": "",
      "convencional": "",
      "tipoVenta": "1",
      "tipoRegimen": "1",
      "tipoCliente": "1"
    }
  },
  {
    "model": "inventario.cliente",
    "pk": 4,
    "fields": {
      "empresa": 1,
      "tipoIdentificacion": "05",
      "identificacion": "2300617863",
      "razon_social": "CALDERON PUMALPA CAMILO ANDRES",
      "nombre_comercial": "",
      "direccion": "AV LOS COLONOS 0 URB EL PORTON",
      "telefono": "",
      "correo": "camilo.pumalpa@gmail.com",
      "observaciones": "",
      "convencional": "",
      "tipoVenta": "1",
      "tipoRegimen": "1",
      "tipoCliente": "1"
    }
  },
  {
    "model": "inventario.proveedor",
    "pk": 1,
    "fields": {
      "empresa": null,
      "tipoIdentificacion": "04",
      "identificacion_proveedor": "0990828237001",
      "razon_social_proveedor": "PELIPA SA",
      "nombre_comercial_proveedor": "",
      "direccion": "AV LOS RULIMANES",
      "telefono": "",
      "telefono2": "",
      "correo": "PELIASD@PUCE.COM",
      "correo2": "",
      "observaciones": "",
      "convencional": "",
      "nacimiento": "1980-08-13",
      "tipoVenta": "1",
      "tipoRegimen": "1",
      "tipoProveedor": "1"
    }
  },
  {
    "model": "inventario.producto",
    "pk": 1,
    "fields": {
      "empresa": 1,
      "codigo": "P00000001",
      "codigo_barras": "1566167146116261123699",
      "descripcion": "FAJA MOLDEADORA INVISIBLE",
      "precio": "1.00",
      "precio2": "0.75",
      "disponible": 50,
      "categoria": "1",
      "iva": "4",
      "costo_actual": "0.50",
      "precio_iva1": "1.15",
      "precio_iva2": "0.86"
    }
  },
  {
    "model": "inventario.factura",
    "pk": 1,
    "fields": {
      "empresa": 1,
      "cliente": 1,
      "almacen": 7,
      "facturador": [
        "guti@gmail.com"
      ],
      "fecha_emision": "2025-08-29",
      "fecha_vencimiento": "2025-08-29",
      "establecimiento": "002",
      "punto_emision": "999",
      "secuencia": "000000001",
      "concepto": "",
      "identificacion_cliente": "2300286628",
      "nombre_cliente": "ROBLES RISCO ALISSON ESTHER",
      "sub_monto": "1.00",
      "base_imponible": "1.00",
      "monto_general": "1.15",
      "total_descuento": "0.00",
      "propina": "0.00",
      "placa": null,
      "guia_remision": null,
      "valor_retencion_iva": "0.00",
      "valor_retencion_renta": "0.00",
      "total_subsidio": "0.00",
      "clave_acceso": "2908202501171395901100110029990000000011158046513",
      "estado": "AUTORIZADO",
      "numero_autorizacion": "2908202501171395901100110029990000000011158046513",
      "fecha_autorizacion": null,
      "estado_sri": "AUTORIZADA",
      "mensaje_sri": "Comprobante autorizado",
      "mensaje_sri_detalle": "[]",
      "xml_autorizado": "<?xml version='1.0' encoding='UTF-8'?>\n<factura id=\"comprobante\" version=\"1.1.0\">\n  <infoTributaria>\n    <ambiente>1</ambiente>\n    <tipoEmision>1</tipoEmision>\n    <razonSocial>PUMALPA MORILLO LINA YOLANDA</razonSocial>\n    <nombreComercial>MARIA SOLEDAD BOUTIQUE SD</nombreComercial>\n    <ruc>1713959011001</ruc>\n    <claveAcceso>2908202501171395901100110029990000000011158046513</claveAcceso>\n    <codDoc>01</codDoc>\n    <estab>002</estab>\n    <ptoEmi>999</ptoEmi>\n    <secuencial>000000001</secuencial>\n    <dirMatriz>SANTO DOMINGO DE LOS TSACHILAS / SANTO DOMINGO / CHIGUILPE / AV. QUITO SN Y RIO YAMBOYA</dirMatriz>\n  </infoTributaria>\n  <infoFactura>\n    <fechaEmision>29/08/2025</fechaEmision>\n    <dirEstablecimiento>SANTO DOMINGO DE LOS TSACHILAS / SANTO DOMINGO / CHIGUILPE / AV. QUITO SN Y RIO YAMBOYA</dirEstablecimiento>\n    <obligadoContabilidad>NO</obligadoContabilidad>\n    <tipoIdentificacionComprador>05</tipoIdentificacionComprador>\n    <razonSocialComprador>ROBLES RISCO ALISSON ESTHER</razonSocialComprador>\n    <identificacionComprador>2300286628</identificacionComprador>\n    <direccionComprador>VIA QUEVEDO KM 4 RIO VERDE COO</direccionComprador>\n    <totalSinImpuestos>1.00</totalSinImpuestos>\n    <totalDescuento>0.00</totalDescuento>\n    <totalConImpuestos>\n      <totalImpuesto>\n        <codigo>2</codigo>\n        <codigoPorcentaje>4</codigoPorcentaje>\n        <baseImponible>1.00</baseImponible>\n        <tarifa>15</tarifa>\n        <valor>0.15</valor>\n      </totalImpuesto>\n    </totalConImpuestos>\n    <propina>0.00</propina>\n    <importeTotal>1.15</importeTotal>\n    <moneda>DOLAR</moneda>\n    <pagos>\n      <pago>\n        <formaPago>01</formaPago>\n        <total>1.15</total>\n      </pago>\n    </pagos>\n  </infoFactura>\n  <detalles>\n    <detalle>\n      <codigoPrincipal>P00000001</codigoPrincipal>\n      <codigoAuxiliar>1566167146116261123699</codigoAuxiliar>\n      <descripcion>FAJA MOLDEADORA INVISIBLE</descripcion>\n      <unidadMedida>unidad</unidadMedida>\n      <cantidad>1.00</cantidad>\n      <precioUnitario>1.00</precioUnitario>\n      <descuento>0.00</descuento>\n      <precioTotalSinImpuesto>1.00</precioTotalSinImpuesto>\n      <impuestos>\n        <impuesto>\n          <codigo>2</codigo>\n          <codigoPorcentaje>4</codigoPorcentaje>\n          <tarifa>15.00</tarifa>\n          <baseImponible>1.00</baseImponible>\n          <valor>0.15</valor>\n        </impuesto>\n      </impuestos>\n    </detalle>\n  </detalles>\n  <infoAdicional>\n    <campoAdicional nombre=\"E-MAIL\">linapumalpa3@gmail.com</campoAdicional>\n    <campoAdicional nombre=\"TELÉFONO\">0991116753</campoAdicional>\n    <campoAdicional nombre=\"DIRECCIÓN\">SANTO DOMINGO DE LOS TSACHILAS / SANTO DOMINGO / CHIGUILPE / AV. QUITO SN Y RIO YAMBOYA</campoAdicional>\n  </infoAdicional>\n<ds:Signature xmlns:ds=\"http://www.w3.org/2000/09/xmldsig#\" xmlns:xades=\"http://uri.etsi.org/01903/v1.3.2#\" Id=\"signature\"><ds:SignedInfo><ds:CanonicalizationMethod Algorithm=\"http://www.w3.org/TR/2001/REC-xml-c14n-20010315\"/><ds:SignatureMethod Algorithm=\"http://www.w3.org/2001/04/xmldsig-more#rsa-sha256\"/><ds:Reference URI=\"#comprobante\"><ds:Transforms><ds:Transform Algorithm=\"http://www.w3.org/2000/09/xmldsig#enveloped-signature\"/></ds:Transforms><ds:DigestMethod Algorithm=\"http://www.w3.org/2001/04/xmlenc#sha256\"/><ds:DigestValue>a5utZJT+NiQQXDLI3MtSTfHdDKI6bfpBDXAlJeeHAJ0=</ds:DigestValue></ds:Reference><ds:Reference Type=\"http://uri.etsi.org/01903#SignedProperties\" URI=\"#signed-properties\"><ds:DigestMethod Algorithm=\"http://www.w3.org/2001/04/xmlenc#sha256\"/><ds:DigestValue>Gk7ihHS0JuHwnDv940g8LVx9PnvlM8YO6f0qMoeUco8=</ds:DigestValue></ds:Reference></ds:SignedInfo><ds:SignatureValue>K2Ph5ltKMzLNL7IJzUp3DL/wedDaAkfyRM++p+LuztexUeLqmdnP5l7QJT+rtxvLgdiiZ7GotylcKHenaEG3UO7eaEc0WoOs5W+OeeTewnVK6O7cCTqcnAB/v1hPkwSz5+uNkJunXkGuShrstqKvgcwKlGhIVTmMAujHv68t3IYM4aLUTwLiadMwa+O5dI98EsCuJvs5VbhGpkWcdommOfDBRttIp5M+Y3g4RVjDVHPZBkm9yDyvKdU6NwMJwpMhCHiKg3MqhF3/XF6ddAihVn4xk83PfUjE37g+SHCnduPgUXgO+GqmUS6rzf8Ytro0H82wKJs8jcWAOiYD48ixow==</ds:SignatureValue><ds:KeyInfo><ds:X509Data><ds:X509Certificate>MIIH7TCCBtWgAwIBAgIFAMIAfUYwDQYJKoZIhvcNAQELBQAwRzELMAkGA1UEBhMCRUMxGzAZBgNVBAoMEkxhenphdGUgQ2lhLiBMdGRhLjEbMBkGA1UEAwwSTGF6emF0ZSBFbWlzb3IgQ0EyMB4XDTI0MTEyOTE1MTIxN1oXDTI2MTEyOTE1MTIxN1owgaExCzAJBgNVBAYTAkVDMRswGQYDVQQKDBJMYXp6YXRlIENpYS4gTHRkYS4xHjAcBgNVBAsMFUVudGUgZGUgQ2VydGlmaWNhY2lvbjEmMCQGA1UEAwwdTElOQSBZT0xBTkRBICBQVU1BTFBBIE1PUklMTE8xLTArBgkqhkiG9w0BCQEWHm1hcmlhc29sZWRhZGJvdXRpcXVlQGdtYWlsLmNvbTCCASIwDQYJKoZIhvcNAQEBBQADggEPADCCAQoCggEBAIP6W3yZMEfZjsgWHGyCQWLDR0PMAkqifyxaGi2vKy0eDgepg49JUQVbIRjDtLuOlQg8kPzS/bqqJp19g/wFPTRMKunP9zxbrgKVpN1fX4rPsiW9CNPxX8j9ZCNPN7TlLUl7diIhL/ZofukZM7Z91Nex+fMv5lmzWMJLObouVqozhoVCRnKLPt8cUuS5mjsx/5fBjQEM3Q7872chrt6ZxpSd9+xnf7IDwaq7r2QwHP6kivH/AsNjsnLOkQBN1NovOQpFBlFjaoRnAO5/RUDFnGKFSVYz2OEftaOJfHSaM5WRIU8g/1yDJ+iqLNAD9WIfkaElzkgPJkPSqDy5cZ8RJ/kCAwEAAaOCBIMwggR/MBoGCisGAQQBg892AwEEDAwKMTcxMzk1OTAxMTAcBgorBgEEAYPPdgMCBA4MDExJTkEgWU9MQU5EQTAXBgorBgEEAYPPdgMDBAkMB1BVTUFMUEEwFwYKKwYBBAGDz3YDBAQJDAdNT1JJTExPMCYGCisGAQQBg892AwcEGAwWQVYgUVVJVE8gWSBSSU8gWUFNQk9ZQTAaBgorBgEEAYPPdgMIBAwMCjA5OTE4MjI5MDUwHQYKKwYBBAGDz3YDCQQPDA1TYW50byBEb21pbmdvMBcGCisGAQQBg892AwwECQwHRUNVQURPUjAdBgorBgEEAYPPdgMLBA8MDTE3MTM5NTkwMTEwMDEwDAYDVR0TAQH/BAIwADAdBgNVHQ4EFgQUtVBm866IS+DzFZ4nIApCXKb38fYwHwYDVR0jBBgwFoAU7XZIsArxyYaGDExGZNIG+MzVvT4wDgYDVR0PAQH/BAQDAgXgMDoGA1UdHwQzMDEwL6AtoCuGKWh0dHA6L2VuZXh0Mi54eXovTGF6emF0ZUNBMi9lbWlzb3JDQTIuY3JsMIIBhAYDVR0gBIIBezCCAXcwfAYKKwYBBAGDz3YCATBuMGwGCCsGAQUFBwICMGAaXkVsIHByZXNlbnRlIGNlcnRpZmljYWRvIGVzIGVtaXRpZG8gZW4gYmFzZSBhIGxhcyBwb2zDrXRpY2FzIGRlIHNlZ3VyaWRhZCBkZSBMYXp6YXRlIENpYS4gTHRkYS4wgfYGCSsGAQQBg892AjCB6DBsBggrBgEFBQcCAjBgGl5FbCBwcmVzZW50ZSBjZXJ0aWZpY2FkbyBlcyBlbWl0aWRvIGVuIGJhc2UgYSBsYXMgcG9sw610aWNhcyBkZSBzZWd1cmlkYWQgZGUgTGF6emF0ZSBDaWEuIEx0ZGEuMHgGCCsGAQUFBwICMGwaakVsIHByZXNlbnRlIGNlcnRpZmljYWRvIHN1Ym9yZGluYWRvIGVzIGVtaXRpZG8gZW4gYmFzZSBhIGxhcyBwb2zDrXRpY2FzIGRlIHNlZ3VyaWRhZCBkZSBMYXp6YXRlIENpYS4gTHRkYS4wggEUBgNVHREEggELMIIBB6AaBgorBgEEAYPPdgMBoAwMCjE3MTM5NTkwMTGgHAYKKwYBBAGDz3YDAqAODAxMSU5BIFlPTEFOREGgFwYKKwYBBAGDz3YDA6AJDAdQVU1BTFBBoBcGCisGAQQBg892AwSgCQwHTU9SSUxMT6AmBgorBgEEAYPPdgMHoBgMFkFWIFFVSVRPIFkgUklPIFlBTUJPWUGgGgYKKwYBBAGDz3YDCKAMDAowOTkxODIyOTA1oB0GCisGAQQBg892AwmgDwwNU2FudG8gRG9taW5nb6AXBgorBgEEAYPPdgMMoAkMB0VDVUFET1KgHQYKKwYBBAGDz3YDC6APDA0xNzEzOTU5MDExMDAxMDwGCCsGAQUFBwEBBDAwLjAsBggrBgEFBQcwAYYgaHR0cDovL2VuZXh0Mi54eXo6ODc3Ny9hZHNzL29jc3AwDQYJKoZIhvcNAQELBQADggEBAN+PEgTFEcv2s3Nenqkyxw6+PQI0pkAEaKfhq0reIWMJL5ZILGIlNLKkUWL60+3qQqBcL1oYThP1OiBr792UVu+M3jLl4e1ayoapsG1ijUaDGbpSP58H17RynlWP/6586YBacaKaaXMnljwg/Ummk/404gMdsoGdTypHEuOx+BAc9ILFsRblIJ4QcPm4kMXyMT6IZjDW1rI76CBTi7nEXq/Kck0dOfm2rh/6hPNozgTgehI5XyMiEWdPR58MQxupC7rfQvTGDADwiaXZNuYYcBvREIZH/Ek2xgVLHMGCHyyzCdgTZ/xBKMDejEUr9K/yGRC9DzK6VYSLx4aCIRfHTVc=</ds:X509Certificate></ds:X509Data></ds:KeyInfo><ds:Object><xades:QualifyingProperties Target=\"#signature\"><xades:SignedProperties Id=\"signed-properties\"><xades:SignedSignatureProperties><xades:SigningTime>2025-09-01T20:44:45Z</xades:SigningTime><xades:SigningCertificate><xades:Cert><xades:CertDigest><ds:DigestMethod Algorithm=\"http://www.w3.org/2001/04/xmlenc#sha256\"/><ds:DigestValue>IQBnsXhD0JdRm/XGvQ8ykadIU6S3WXgiGol1CWucM0Y=</ds:DigestValue></xades:CertDigest><xades:IssuerSerial><ds:X509IssuerName>CN=Lazzate Emisor CA2,O=Lazzate Cia. Ltda.,C=EC</ds:X509IssuerName><ds:X509SerialNumber>3254811974</ds:X509SerialNumber></xades:IssuerSerial></xades:Cert></xades:SigningCertificate></xades:SignedSignatureProperties></xades:SignedProperties></xades:QualifyingProperties></ds:Object></ds:Signature></factura>\n",
      "ride_autorizado": "rides/1713959011001/RIDE_002-999-000000001.pdf"
    }
  },
  {
    "model": "inventario.factura",
    "pk": 2,
    "fields": {
      "empresa": 1,
      "cliente": 2,
      "almacen": 7,
      "facturador": [
        "guti@gmail.com"
      ],
      "fecha_emision": "2025-08-31",
      "fecha_vencimiento": "2025-08-31",
      "establecimiento": "002",
      "punto_emision": "999",
      "secuencia": "000000002",
      "concepto": "",
      "identificacion_cliente": "1750848333",
      "nombre_cliente": "MICHELENA PUMALPA ANDREA MERCEDES",
      "sub_monto": "1.00",
      "base_imponible": "1.00",
      "monto_general": "1.15",
      "total_descuento": "0.00",
      "propina": "0.00",
      "placa": null,
      "guia_remision": null,
      "valor_retencion_iva": "0.00",
      "valor_retencion_renta": "0.00",
      "total_subsidio": "0.00",
      "clave_acceso": "3108202501171395901100120029990000000026067596513",
      "estado": "RECHAZADO",
      "numero_autorizacion": null,
      "fecha_autorizacion": null,
      "estado_sri": "RECHAZADA",
      "mensaje_sri": "Rechazado: ",
      "mensaje_sri_detalle": "[{'identificador': '', 'mensaje': '', 'tipo': '', 'informacionAdicional': ''}]",
      "xml_autorizado": null,
      "ride_autorizado": ""
    }
  },
  {
    "model": "inventario.factura",
    "pk": 3,
    "fields": {
      "empresa": 1,
      "cliente": 2,
      "almacen": 7,
      "facturador": [
        "guti@gmail.com"
      ],
      "fecha_emision": "2025-08-31",
      "fecha_vencimiento": "2025-08-31",
      "establecimiento": "002",
      "punto_emision": "999",
      "secuencia": "000000003",
      "concepto": "",
      "identificacion_cliente": "1750848333",
      "nombre_cliente": "MICHELENA PUMALPA ANDREA MERCEDES",
      "sub_monto": "1.00",
      "base_imponible": "1.00",
      "monto_general": "1.15",
      "total_descuento": "0.00",
      "propina": "0.00",
      "placa": null,
      "guia_remision": null,
      "valor_retencion_iva": "0.00",
      "valor_retencion_renta": "0.00",
      "total_subsidio": "0.00",
      "clave_acceso": "3108202501171395901100120029990000000033496294610",
      "estado": "RECHAZADO",
      "numero_autorizacion": null,
      "fecha_autorizacion": null,
      "estado_sri": "RECHAZADA",
      "mensaje_sri": "Rechazado: ",
      "mensaje_sri_detalle": "[{'identificador': '', 'mensaje': '', 'tipo': '', 'informacionAdicional': ''}]",
      "xml_autorizado": null,
      "ride_autorizado": ""
    }
  },
  {
    "model": "inventario.factura",
    "pk": 4,
    "fields": {
      "empresa": 1,
      "cliente": 2,
      "almacen": 7,
      "facturador": [
        "guti@gmail.com"
      ],
      "fecha_emision": "2025-09-01",
      "fecha_vencimiento": "2025-09-01",
      "establecimiento": "002",
      "punto_emision": "999",
      "secuencia": "000000004",
      "concepto": "",
      "identificacion_cliente": "1750848333",
      "nombre_cliente": "MICHELENA PUMALPA ANDREA MERCEDES",
      "sub_monto": "1.00",
      "base_imponible": "1.00",
      "monto_general": "1.15",
      "total_descuento": "0.00",
      "propina": "0.00",
      "placa": null,
      "guia_remision": null,
      "valor_retencion_iva": "0.00",
      "valor_retencion_renta": "0.00",
      "total_subsidio": "0.00",
      "clave_acceso": "0109202501171395901100120029990000000044385419111",
      "estado": "AUTORIZADO",
      "numero_autorizacion": "0109202501171395901100120029990000000044385419111",
      "fecha_autorizacion": null,
      "estado_sri": "AUTORIZADA",
      "mensaje_sri": "Comprobante autorizado",
      "mensaje_sri_detalle": "[]",
      "xml_autorizado": "<?xml version='1.0' encoding='UTF-8' standalone='no'?>\n<factura id=\"comprobante\" version=\"1.1.0\">\n  <infoTributaria>\n    <ambiente>2</ambiente>\n    <tipoEmision>1</tipoEmision>\n    <razonSocial>PUMALPA MORILLO LINA YOLANDA</razonSocial>\n    <nombreComercial>MARIA SOLEDAD BOUTIQUE SD</nombreComercial>\n    <ruc>1713959011001</ruc>\n    <claveAcceso>0109202501171395901100120029990000000044385419111</claveAcceso>\n    <codDoc>01</codDoc>\n    <estab>002</estab>\n    <ptoEmi>999</ptoEmi>\n    <secuencial>000000004</secuencial>\n    <dirMatriz>SANTO DOMINGO DE LOS TSACHILAS / SANTO DOMINGO / CHIGUILPE / AV. QUITO SN Y RIO YAMBOYA</dirMatriz>\n  </infoTributaria>\n  <infoFactura>\n    <fechaEmision>01/09/2025</fechaEmision>\n    <dirEstablecimiento>SANTO DOMINGO DE LOS TSACHILAS / SANTO DOMINGO / CHIGUILPE / AV. QUITO SN Y RIO YAMBOYA</dirEstablecimiento>\n    <obligadoContabilidad>NO</obligadoContabilidad>\n    <tipoIdentificacionComprador>05</tipoIdentificacionComprador>\n    <razonSocialComprador>MICHELENA PUMALPA ANDREA MERCEDES</razonSocialComprador>\n    <identificacionComprador>1750848333</identificacionComprador>\n    <direccionComprador>SN SN URB EL PORTON EL CONSEJO</direccionComprador>\n    <totalSinImpuestos>1.00</totalSinImpuestos>\n    <totalDescuento>0.00</totalDescuento>\n    <totalConImpuestos>\n      <totalImpuesto>\n        <codigo>2</codigo>\n        <codigoPorcentaje>4</codigoPorcentaje>\n        <baseImponible>1.00</baseImponible>\n        <tarifa>15</tarifa>\n        <valor>0.15</valor>\n      </totalImpuesto>\n    </totalConImpuestos>\n    <propina>0.00</propina>\n    <importeTotal>1.15</importeTotal>\n    <moneda>DOLAR</moneda>\n    <pagos>\n      <pago>\n        <formaPago>01</formaPago>\n        <total>1.15</total>\n      </pago>\n    </pagos>\n  </infoFactura>\n  <detalles>\n    <detalle>\n      <codigoPrincipal>P00000001</codigoPrincipal>\n      <codigoAuxiliar>1566167146116261123699</codigoAuxiliar>\n      <descripcion>FAJA MOLDEADORA INVISIBLE</descripcion>\n      <unidadMedida>unidad</unidadMedida>\n      <cantidad>1.00</cantidad>\n      <precioUnitario>1.00</precioUnitario>\n      <descuento>0.00</descuento>\n      <precioTotalSinImpuesto>1.00</precioTotalSinImpuesto>\n      <impuestos>\n        <impuesto>\n          <codigo>2</codigo>\n          <codigoPorcentaje>4</codigoPorcentaje>\n          <tarifa>15.00</tarifa>\n          <baseImponible>1.00</baseImponible>\n          <valor>0.15</valor>\n        </impuesto>\n      </impuestos>\n    </detalle>\n  </detalles>\n  <infoAdicional>\n    <campoAdicional nombre=\"E-MAIL\">linapumalpa3@gmail.com</campoAdicional>\n    <campoAdicional nombre=\"TELÉFONO\">0991116753</campoAdicional>\n    <campoAdicional nombre=\"DIRECCIÓN\">SANTO DOMINGO DE LOS TSACHILAS / SANTO DOMINGO / CHIGUILPE / AV. QUITO SN Y RIO YAMBOYA</campoAdicional>\n  </infoAdicional>\n<ds:Signature xmlns:ds=\"http://www.w3.org/2000/09/xmldsig#\" Id=\"Signature_f4586f5e-8810-11f0-9b87-f4b520280ac5_4e\"><ds:SignedInfo Id=\"SignedInfo_f4586f5e-8810-11f0-9b87-f4b520280ac5_16\"><ds:CanonicalizationMethod Algorithm=\"http://www.w3.org/TR/2001/REC-xml-c14n-20010315\"/><ds:SignatureMethod Algorithm=\"http://www.w3.org/2001/04/xmldsig-more#rsa-sha256\"/><ds:Reference Id=\"Reference1_f4586f5e-8810-11f0-9b87-f4b520280ac5_70\" URI=\"#comprobante\"><ds:Transforms><ds:Transform Algorithm=\"http://www.w3.org/TR/1999/REC-xpath-19991116\"><ds:XPath>not(ancestor-or-self::ds:Signature)</ds:XPath></ds:Transform></ds:Transforms><ds:DigestMethod Algorithm=\"http://www.w3.org/2001/04/xmlenc#sha256\"/><ds:DigestValue>tmNTAz73teWvJyvLZY/KLrfYQT3J3H7UbIut6cpTBro=</ds:DigestValue></ds:Reference><ds:Reference Id=\"SignedProperties-Reference_f4586f5e-8810-11f0-9b87-f4b520280ac5_7f\" Type=\"http://uri.etsi.org/01903#SignedProperties\" URI=\"#SignedProperties_f4586f5e-8810-11f0-9b87-f4b520280ac5_19\"><ds:DigestMethod Algorithm=\"http://www.w3.org/2001/04/xmlenc#sha256\"/><ds:DigestValue>qkUQAZm5ACgX3LonHzPevstbj66I+Cb/GaOIAye/0P8=</ds:DigestValue></ds:Reference></ds:SignedInfo><ds:SignatureValue Id=\"SignatureValue_f4586f5e-8810-11f0-9b87-f4b520280ac5_05\">F/ks9Of9ho5Hmhiz+RuuwUJBua1+gQjowWVJFIWBsg5QWNAUQ7obo4tV5+9KN7gu\njvCbI38dd3a0ip2DKCOfvcNq0ERVT0eJHl69KCLy9s/avrZQ251Zb6JPNIZaP+v8\nMS3KF/c6z++ouD8hiAc3C2aWhwAEzkE109BQTxFuGcRdwV5BsNLmgpuTIEZsRbYk\nrYpmYYb45OHTcR9/v58vbcni8QLMJ/lZEKGBdGDyZJHcGSQOxV13oBJnpB0+2RCz\nTTPitTqSAkP/xS0+L933iOBCqBCBe+WqCWjjEEBQCYU9uUz7tch7/61fz5E0pOXX\nIv8cSWIva4vEWKJjnBEmxA==</ds:SignatureValue><ds:KeyInfo Id=\"KeyInfo_f4586f5e-8810-11f0-9b87-f4b520280ac5_73\"><ds:X509Data><ds:X509Certificate>MIIH7TCCBtWgAwIBAgIFAMIAfUYwDQYJKoZIhvcNAQELBQAwRzELMAkGA1UEBhMC\nRUMxGzAZBgNVBAoMEkxhenphdGUgQ2lhLiBMdGRhLjEbMBkGA1UEAwwSTGF6emF0\nZSBFbWlzb3IgQ0EyMB4XDTI0MTEyOTE1MTIxN1oXDTI2MTEyOTE1MTIxN1owgaEx\nCzAJBgNVBAYTAkVDMRswGQYDVQQKDBJMYXp6YXRlIENpYS4gTHRkYS4xHjAcBgNV\nBAsMFUVudGUgZGUgQ2VydGlmaWNhY2lvbjEmMCQGA1UEAwwdTElOQSBZT0xBTkRB\nICBQVU1BTFBBIE1PUklMTE8xLTArBgkqhkiG9w0BCQEWHm1hcmlhc29sZWRhZGJv\ndXRpcXVlQGdtYWlsLmNvbTCCASIwDQYJKoZIhvcNAQEBBQADggEPADCCAQoCggEB\nAIP6W3yZMEfZjsgWHGyCQWLDR0PMAkqifyxaGi2vKy0eDgepg49JUQVbIRjDtLuO\nlQg8kPzS/bqqJp19g/wFPTRMKunP9zxbrgKVpN1fX4rPsiW9CNPxX8j9ZCNPN7Tl\nLUl7diIhL/ZofukZM7Z91Nex+fMv5lmzWMJLObouVqozhoVCRnKLPt8cUuS5mjsx\n/5fBjQEM3Q7872chrt6ZxpSd9+xnf7IDwaq7r2QwHP6kivH/AsNjsnLOkQBN1Nov\nOQpFBlFjaoRnAO5/RUDFnGKFSVYz2OEftaOJfHSaM5WRIU8g/1yDJ+iqLNAD9WIf\nkaElzkgPJkPSqDy5cZ8RJ/kCAwEAAaOCBIMwggR/MBoGCisGAQQBg892AwEEDAwK\nMTcxMzk1OTAxMTAcBgorBgEEAYPPdgMCBA4MDExJTkEgWU9MQU5EQTAXBgorBgEE\nAYPPdgMDBAkMB1BVTUFMUEEwFwYKKwYBBAGDz3YDBAQJDAdNT1JJTExPMCYGCisG\nAQQBg892AwcEGAwWQVYgUVVJVE8gWSBSSU8gWUFNQk9ZQTAaBgorBgEEAYPPdgMI\nBAwMCjA5OTE4MjI5MDUwHQYKKwYBBAGDz3YDCQQPDA1TYW50byBEb21pbmdvMBcG\nCisGAQQBg892AwwECQwHRUNVQURPUjAdBgorBgEEAYPPdgMLBA8MDTE3MTM5NTkw\nMTEwMDEwDAYDVR0TAQH/BAIwADAdBgNVHQ4EFgQUtVBm866IS+DzFZ4nIApCXKb3\n8fYwHwYDVR0jBBgwFoAU7XZIsArxyYaGDExGZNIG+MzVvT4wDgYDVR0PAQH/BAQD\nAgXgMDoGA1UdHwQzMDEwL6AtoCuGKWh0dHA6L2VuZXh0Mi54eXovTGF6emF0ZUNB\nMi9lbWlzb3JDQTIuY3JsMIIBhAYDVR0gBIIBezCCAXcwfAYKKwYBBAGDz3YCATBu\nMGwGCCsGAQUFBwICMGAaXkVsIHByZXNlbnRlIGNlcnRpZmljYWRvIGVzIGVtaXRp\nZG8gZW4gYmFzZSBhIGxhcyBwb2zDrXRpY2FzIGRlIHNlZ3VyaWRhZCBkZSBMYXp6\nYXRlIENpYS4gTHRkYS4wgfYGCSsGAQQBg892AjCB6DBsBggrBgEFBQcCAjBgGl5F\nbCBwcmVzZW50ZSBjZXJ0aWZpY2FkbyBlcyBlbWl0aWRvIGVuIGJhc2UgYSBsYXMg\ncG9sw610aWNhcyBkZSBzZWd1cmlkYWQgZGUgTGF6emF0ZSBDaWEuIEx0ZGEuMHgG\nCCsGAQUFBwICMGwaakVsIHByZXNlbnRlIGNlcnRpZmljYWRvIHN1Ym9yZGluYWRv\nIGVzIGVtaXRpZG8gZW4gYmFzZSBhIGxhcyBwb2zDrXRpY2FzIGRlIHNlZ3VyaWRh\nZCBkZSBMYXp6YXRlIENpYS4gTHRkYS4wggEUBgNVHREEggELMIIBB6AaBgorBgEE\nAYPPdgMBoAwMCjE3MTM5NTkwMTGgHAYKKwYBBAGDz3YDAqAODAxMSU5BIFlPTEFO\nREGgFwYKKwYBBAGDz3YDA6AJDAdQVU1BTFBBoBcGCisGAQQBg892AwSgCQwHTU9S\nSUxMT6AmBgorBgEEAYPPdgMHoBgMFkFWIFFVSVRPIFkgUklPIFlBTUJPWUGgGgYK\nKwYBBAGDz3YDCKAMDAowOTkxODIyOTA1oB0GCisGAQQBg892AwmgDwwNU2FudG8g\nRG9taW5nb6AXBgorBgEEAYPPdgMMoAkMB0VDVUFET1KgHQYKKwYBBAGDz3YDC6AP\nDA0xNzEzOTU5MDExMDAxMDwGCCsGAQUFBwEBBDAwLjAsBggrBgEFBQcwAYYgaHR0\ncDovL2VuZXh0Mi54eXo6ODc3Ny9hZHNzL29jc3AwDQYJKoZIhvcNAQELBQADggEB\nAN+PEgTFEcv2s3Nenqkyxw6+PQI0pkAEaKfhq0reIWMJL5ZILGIlNLKkUWL60+3q\nQqBcL1oYThP1OiBr792UVu+M3jLl4e1ayoapsG1ijUaDGbpSP58H17RynlWP/658\n6YBacaKaaXMnljwg/Ummk/404gMdsoGdTypHEuOx+BAc9ILFsRblIJ4QcPm4kMXy\nMT6IZjDW1rI76CBTi7nEXq/Kck0dOfm2rh/6hPNozgTgehI5XyMiEWdPR58MQxup\nC7rfQvTGDADwiaXZNuYYcBvREIZH/Ek2xgVLHMGCHyyzCdgTZ/xBKMDejEUr9K/y\nGRC9DzK6VYSLx4aCIRfHTVc=</ds:X509Certificate></ds:X509Data></ds:KeyInfo><ds:Object><xades:QualifyingProperties xmlns:xades=\"http://uri.etsi.org/01903/v1.3.2#\" Id=\"QualifyingProperties_f4586f5e-8810-11f0-9b87-f4b520280ac5_14\" Target=\"#Signature_f4586f5e-8810-11f0-9b87-f4b520280ac5_4e\"><xades:SignedProperties Id=\"SignedProperties_f4586f5e-8810-11f0-9b87-f4b520280ac5_19\"><xades:SignedSignatureProperties Id=\"SignedSignatureProperties_f4586f5e-8810-11f0-9b87-f4b520280ac5_5d\"><xades:SigningTime>2025-09-02T15:24:44Z</xades:SigningTime><xades:SigningCertificate><xades:Cert><xades:CertDigest><ds:DigestMethod Algorithm=\"http://www.w3.org/2001/04/xmlenc#sha256\"/><ds:DigestValue>IQBnsXhD0JdRm/XGvQ8ykadIU6S3WXgiGol1CWucM0Y=</ds:DigestValue></xades:CertDigest><xades:IssuerSerial><ds:X509IssuerName>C=EC,O=Lazzate Cia. Ltda.,CN=Lazzate Emisor CA2</ds:X509IssuerName><ds:X509SerialNumber>3254811974</ds:X509SerialNumber></xades:IssuerSerial></xades:Cert></xades:SigningCertificate></xades:SignedSignatureProperties><xades:SignedDataObjectProperties Id=\"SignedDataObjectProperties_f4586f5e-8810-11f0-9b87-f4b520280ac5_1c\"><xades:DataObjectFormat ObjectReference=\"#Reference1_f4586f5e-8810-11f0-9b87-f4b520280ac5_70\"><xades:Description>MIME-Version: 1.0\nContent-Type: text/xml\nContent-Transfer-Encoding: binary\nContent-Disposition: filename=\"document.xml\"</xades:Description><xades:ObjectIdentifier><xades:Identifier Qualifier=\"OIDAsURI\">http://www.certum.pl/OIDAsURI/signedFile/1.2.616.1.113527.3.1.1.3.1</xades:Identifier><xades:Description>Opis formatu dokumentu oraz jego pełna nazwa</xades:Description><xades:DocumentationReferences><xades:DocumentationReference>http://www.certum.pl/OIDAsURI/signedFile.pdf</xades:DocumentationReference></xades:DocumentationReferences></xades:ObjectIdentifier><xades:MimeType>text/xml</xades:MimeType></xades:DataObjectFormat></xades:SignedDataObjectProperties></xades:SignedProperties><xades:UnsignedProperties Id=\"UnsignedProperties_f4586f5e-8810-11f0-9b87-f4b520280ac5_02\"/></xades:QualifyingProperties></ds:Object></ds:Signature></factura>",
      "ride_autorizado": "rides/1713959011001/RIDE_002-999-000000004_IZYVcGX.pdf"
    }
  },
  {
    "model": "inventario.factura",
    "pk": 5,
    "fields": {
      "empresa": 1,
      "cliente": 4,
      "almacen": 7,
      "facturador": [
        "guti@gmail.com"
      ],
      "fecha_emision": "2025-09-03",
      "fecha_vencimiento": "2025-09-03",
      "establecimiento": "002",
      "punto_emision": "999",
      "secuencia": "000000005",
      "concepto": "",
      "identificacion_cliente": "2300617863",
      "nombre_cliente": "CALDERON PUMALPA CAMILO ANDRES",
      "sub_monto": "1.00",
      "base_imponible": "1.00",
      "monto_general": "1.15",
      "total_descuento": "0.00",
      "propina": "0.00",
      "placa": null,
      "guia_remision": null,
      "valor_retencion_iva": "0.00",
      "valor_retencion_renta": "0.00",
      "total_subsidio": "0.00",
      "clave_acceso": "0309202501171395901100120029990000000053993655411",
      "estado": "AUTORIZADO",
      "numero_autorizacion": "0309202501171395901100120029990000000053993655411",
      "fecha_autorizacion": null,
      "estado_sri": "AUTORIZADA",
      "mensaje_sri": "Comprobante autorizado",
      "mensaje_sri_detalle": "[]",
      "xml_autorizado": "<?xml version='1.0' encoding='UTF-8' standalone='no'?>\n<factura id=\"comprobante\" version=\"1.1.0\">\n  <infoTributaria>\n    <ambiente>2</ambiente>\n    <tipoEmision>1</tipoEmision>\n    <razonSocial>PUMALPA MORILLO LINA YOLANDA</razonSocial>\n    <nombreComercial>MARIA SOLEDAD BOUTIQUE SD</nombreComercial>\n    <ruc>1713959011001</ruc>\n    <claveAcceso>0309202501171395901100120029990000000053993655411</claveAcceso>\n    <codDoc>01</codDoc>\n    <estab>002</estab>\n    <ptoEmi>999</ptoEmi>\n    <secuencial>000000005</secuencial>\n    <dirMatriz>SANTO DOMINGO DE LOS TSACHILAS / SANTO DOMINGO / CHIGUILPE / AV. QUITO SN Y RIO YAMBOYA</dirMatriz>\n  </infoTributaria>\n  <infoFactura>\n    <fechaEmision>03/09/2025</fechaEmision>\n    <dirEstablecimiento>SANTO DOMINGO DE LOS TSACHILAS / SANTO DOMINGO / CHIGUILPE / AV. QUITO SN Y RIO YAMBOYA</dirEstablecimiento>\n    <obligadoContabilidad>NO</obligadoContabilidad>\n    <tipoIdentificacionComprador>05</tipoIdentificacionComprador>\n    <razonSocialComprador>CALDERON PUMALPA CAMILO ANDRES</razonSocialComprador>\n    <identificacionComprador>2300617863</identificacionComprador>\n    <direccionComprador>AV LOS COLONOS 0 URB EL PORTON</direccionComprador>\n    <totalSinImpuestos>1.00</totalSinImpuestos>\n    <totalDescuento>0.00</totalDescuento>\n    <totalConImpuestos>\n      <totalImpuesto>\n        <codigo>2</codigo>\n        <codigoPorcentaje>4</codigoPorcentaje>\n        <baseImponible>1.00</baseImponible>\n        <tarifa>15</tarifa>\n        <valor>0.15</valor>\n      </totalImpuesto>\n    </totalConImpuestos>\n    <propina>0.00</propina>\n    <importeTotal>1.15</importeTotal>\n    <moneda>DOLAR</moneda>\n    <pagos>\n      <pago>\n        <formaPago>01</formaPago>\n        <total>1.15</total>\n      </pago>\n    </pagos>\n  </infoFactura>\n  <detalles>\n    <detalle>\n      <codigoPrincipal>P00000001</codigoPrincipal>\n      <codigoAuxiliar>1566167146116261123699</codigoAuxiliar>\n      <descripcion>FAJA MOLDEADORA INVISIBLE</descripcion>\n      <unidadMedida>unidad</unidadMedida>\n      <cantidad>1.00</cantidad>\n      <precioUnitario>1.00</precioUnitario>\n      <descuento>0.00</descuento>\n      <precioTotalSinImpuesto>1.00</precioTotalSinImpuesto>\n      <impuestos>\n        <impuesto>\n          <codigo>2</codigo>\n          <codigoPorcentaje>4</codigoPorcentaje>\n          <tarifa>15.00</tarifa>\n          <baseImponible>1.00</baseImponible>\n          <valor>0.15</valor>\n        </impuesto>\n      </impuestos>\n    </detalle>\n  </detalles>\n  <infoAdicional>\n    <campoAdicional nombre=\"E-MAIL\">linapumalpa3@gmail.com</campoAdicional>\n    <campoAdicional nombre=\"TELÉFONO\">0991116753</campoAdicional>\n    <campoAdicional nombre=\"DIRECCIÓN\">SANTO DOMINGO DE LOS TSACHILAS / SANTO DOMINGO / CHIGUILPE / AV. QUITO SN Y RIO YAMBOYA</campoAdicional>\n  </infoAdicional>\n<ds:Signature xmlns:ds=\"http://www.w3.org/2000/09/xmldsig#\" Id=\"Signature_82293989-89da-11f0-96ee-f4b520280ac5_4e\"><ds:SignedInfo Id=\"SignedInfo_82293989-89da-11f0-96ee-f4b520280ac5_16\"><ds:CanonicalizationMethod Algorithm=\"http://www.w3.org/TR/2001/REC-xml-c14n-20010315\"/><ds:SignatureMethod Algorithm=\"http://www.w3.org/2001/04/xmldsig-more#rsa-sha256\"/><ds:Reference Id=\"Reference1_82293989-89da-11f0-96ee-f4b520280ac5_70\" URI=\"#comprobante\"><ds:Transforms><ds:Transform Algorithm=\"http://www.w3.org/TR/1999/REC-xpath-19991116\"><ds:XPath>not(ancestor-or-self::ds:Signature)</ds:XPath></ds:Transform></ds:Transforms><ds:DigestMethod Algorithm=\"http://www.w3.org/2001/04/xmlenc#sha256\"/><ds:DigestValue>RGMqLcfVdZXvzPgYxxCT10EQmUVPpGMSEKrNykYs3Gw=</ds:DigestValue></ds:Reference><ds:Reference Id=\"SignedProperties-Reference_82293989-89da-11f0-96ee-f4b520280ac5_7f\" Type=\"http://uri.etsi.org/01903#SignedProperties\" URI=\"#SignedProperties_82293989-89da-11f0-96ee-f4b520280ac5_19\"><ds:DigestMethod Algorithm=\"http://www.w3.org/2001/04/xmlenc#sha256\"/><ds:DigestValue>vxgIr/c30s/nGYQIxXh/5+uhUoRUJXh7LfttW5lo+Cg=</ds:DigestValue></ds:Reference></ds:SignedInfo><ds:SignatureValue Id=\"SignatureValue_82293989-89da-11f0-96ee-f4b520280ac5_05\">OFNYzBiFVQVidatcrCpzwGLCRqU9DV9lWoyiRkKL3HM+QIcx/IJUgcGm6iWYt5Ku\ngxml+H1alHWy83weGl9wPog1+O+1q3N/+Sqwe9RnNTcmW0578scLCMcRYmv5hbVI\nwiWHU1bKhjfoRVHDM/+65cjHs9H0akIx9EQ197p5yOqX/jzcGuciw8gX5iClCZxj\n4RSJmFVNXWW2/0szUwfDeU7hCSCQLiRbf+MNBGA3QxV0c3CVCUtf6rYHnjjCztNe\nLbTqfLQONJ7K7UEu3SwVnjUEKYVlSU0/7hQr26ow8lel/bRPhoitmaUNo8SrLnwA\nUOVf+b3ikPCEiejqc7sCdQ==</ds:SignatureValue><ds:KeyInfo Id=\"KeyInfo_82293989-89da-11f0-96ee-f4b520280ac5_73\"><ds:X509Data><ds:X509Certificate>MIIH7TCCBtWgAwIBAgIFAMIAfUYwDQYJKoZIhvcNAQELBQAwRzELMAkGA1UEBhMC\nRUMxGzAZBgNVBAoMEkxhenphdGUgQ2lhLiBMdGRhLjEbMBkGA1UEAwwSTGF6emF0\nZSBFbWlzb3IgQ0EyMB4XDTI0MTEyOTE1MTIxN1oXDTI2MTEyOTE1MTIxN1owgaEx\nCzAJBgNVBAYTAkVDMRswGQYDVQQKDBJMYXp6YXRlIENpYS4gTHRkYS4xHjAcBgNV\nBAsMFUVudGUgZGUgQ2VydGlmaWNhY2lvbjEmMCQGA1UEAwwdTElOQSBZT0xBTkRB\nICBQVU1BTFBBIE1PUklMTE8xLTArBgkqhkiG9w0BCQEWHm1hcmlhc29sZWRhZGJv\ndXRpcXVlQGdtYWlsLmNvbTCCASIwDQYJKoZIhvcNAQEBBQADggEPADCCAQoCggEB\nAIP6W3yZMEfZjsgWHGyCQWLDR0PMAkqifyxaGi2vKy0eDgepg49JUQVbIRjDtLuO\nlQg8kPzS/bqqJp19g/wFPTRMKunP9zxbrgKVpN1fX4rPsiW9CNPxX8j9ZCNPN7Tl\nLUl7diIhL/ZofukZM7Z91Nex+fMv5lmzWMJLObouVqozhoVCRnKLPt8cUuS5mjsx\n/5fBjQEM3Q7872chrt6ZxpSd9+xnf7IDwaq7r2QwHP6kivH/AsNjsnLOkQBN1Nov\nOQpFBlFjaoRnAO5/RUDFnGKFSVYz2OEftaOJfHSaM5WRIU8g/1yDJ+iqLNAD9WIf\nkaElzkgPJkPSqDy5cZ8RJ/kCAwEAAaOCBIMwggR/MBoGCisGAQQBg892AwEEDAwK\nMTcxMzk1OTAxMTAcBgorBgEEAYPPdgMCBA4MDExJTkEgWU9MQU5EQTAXBgorBgEE\nAYPPdgMDBAkMB1BVTUFMUEEwFwYKKwYBBAGDz3YDBAQJDAdNT1JJTExPMCYGCisG\nAQQBg892AwcEGAwWQVYgUVVJVE8gWSBSSU8gWUFNQk9ZQTAaBgorBgEEAYPPdgMI\nBAwMCjA5OTE4MjI5MDUwHQYKKwYBBAGDz3YDCQQPDA1TYW50byBEb21pbmdvMBcG\nCisGAQQBg892AwwECQwHRUNVQURPUjAdBgorBgEEAYPPdgMLBA8MDTE3MTM5NTkw\nMTEwMDEwDAYDVR0TAQH/BAIwADAdBgNVHQ4EFgQUtVBm866IS+DzFZ4nIApCXKb3\n8fYwHwYDVR0jBBgwFoAU7XZIsArxyYaGDExGZNIG+MzVvT4wDgYDVR0PAQH/BAQD\nAgXgMDoGA1UdHwQzMDEwL6AtoCuGKWh0dHA6L2VuZXh0Mi54eXovTGF6emF0ZUNB\nMi9lbWlzb3JDQTIuY3JsMIIBhAYDVR0gBIIBezCCAXcwfAYKKwYBBAGDz3YCATBu\nMGwGCCsGAQUFBwICMGAaXkVsIHByZXNlbnRlIGNlcnRpZmljYWRvIGVzIGVtaXRp\nZG8gZW4gYmFzZSBhIGxhcyBwb2zDrXRpY2FzIGRlIHNlZ3VyaWRhZCBkZSBMYXp6\nYXRlIENpYS4gTHRkYS4wgfYGCSsGAQQBg892AjCB6DBsBggrBgEFBQcCAjBgGl5F\nbCBwcmVzZW50ZSBjZXJ0aWZpY2FkbyBlcyBlbWl0aWRvIGVuIGJhc2UgYSBsYXMg\ncG9sw610aWNhcyBkZSBzZWd1cmlkYWQgZGUgTGF6emF0ZSBDaWEuIEx0ZGEuMHgG\nCCsGAQUFBwICMGwaakVsIHByZXNlbnRlIGNlcnRpZmljYWRvIHN1Ym9yZGluYWRv\nIGVzIGVtaXRpZG8gZW4gYmFzZSBhIGxhcyBwb2zDrXRpY2FzIGRlIHNlZ3VyaWRh\nZCBkZSBMYXp6YXRlIENpYS4gTHRkYS4wggEUBgNVHREEggELMIIBB6AaBgorBgEE\nAYPPdgMBoAwMCjE3MTM5NTkwMTGgHAYKKwYBBAGDz3YDAqAODAxMSU5BIFlPTEFO\nREGgFwYKKwYBBAGDz3YDA6AJDAdQVU1BTFBBoBcGCisGAQQBg892AwSgCQwHTU9S\nSUxMT6AmBgorBgEEAYPPdgMHoBgMFkFWIFFVSVRPIFkgUklPIFlBTUJPWUGgGgYK\nKwYBBAGDz3YDCKAMDAowOTkxODIyOTA1oB0GCisGAQQBg892AwmgDwwNU2FudG8g\nRG9taW5nb6AXBgorBgEEAYPPdgMMoAkMB0VDVUFET1KgHQYKKwYBBAGDz3YDC6AP\nDA0xNzEzOTU5MDExMDAxMDwGCCsGAQUFBwEBBDAwLjAsBggrBgEFBQcwAYYgaHR0\ncDovL2VuZXh0Mi54eXo6ODc3Ny9hZHNzL29jc3AwDQYJKoZIhvcNAQELBQADggEB\nAN+PEgTFEcv2s3Nenqkyxw6+PQI0pkAEaKfhq0reIWMJL5ZILGIlNLKkUWL60+3q\nQqBcL1oYThP1OiBr792UVu+M3jLl4e1ayoapsG1ijUaDGbpSP58H17RynlWP/658\n6YBacaKaaXMnljwg/Ummk/404gMdsoGdTypHEuOx+BAc9ILFsRblIJ4QcPm4kMXy\nMT6IZjDW1rI76CBTi7nEXq/Kck0dOfm2rh/6hPNozgTgehI5XyMiEWdPR58MQxup\nC7rfQvTGDADwiaXZNuYYcBvREIZH/Ek2xgVLHMGCHyyzCdgTZ/xBKMDejEUr9K/y\nGRC9DzK6VYSLx4aCIRfHTVc=</ds:X509Certificate></ds:X509Data></ds:KeyInfo><ds:Object><xades:QualifyingProperties xmlns:xades=\"http://uri.etsi.org/01903/v1.3.2#\" Id=\"QualifyingProperties_82293989-89da-11f0-96ee-f4b520280ac5_14\" Target=\"#Signature_82293989-89da-11f0-96ee-f4b520280ac5_4e\"><xades:SignedProperties Id=\"SignedProperties_82293989-89da-11f0-96ee-f4b520280ac5_19\"><xades:SignedSignatureProperties Id=\"SignedSignatureProperties_82293989-89da-11f0-96ee-f4b520280ac5_5d\"><xades:SigningTime>2025-09-04T22:00:02Z</xades:SigningTime><xades:SigningCertificate><xades:Cert><xades:CertDigest><ds:DigestMethod Algorithm=\"http://www.w3.org/2001/04/xmlenc#sha256\"/><ds:DigestValue>IQBnsXhD0JdRm/XGvQ8ykadIU6S3WXgiGol1CWucM0Y=</ds:DigestValue></xades:CertDigest><xades:IssuerSerial><ds:X509IssuerName>C=EC,O=Lazzate Cia. Ltda.,CN=Lazzate Emisor CA2</ds:X509IssuerName><ds:X509SerialNumber>3254811974</ds:X509SerialNumber></xades:IssuerSerial></xades:Cert></xades:SigningCertificate></xades:SignedSignatureProperties><xades:SignedDataObjectProperties Id=\"SignedDataObjectProperties_82293989-89da-11f0-96ee-f4b520280ac5_1c\"><xades:DataObjectFormat ObjectReference=\"#Reference1_82293989-89da-11f0-96ee-f4b520280ac5_70\"><xades:Description>MIME-Version: 1.0\nContent-Type: text/xml\nContent-Transfer-Encoding: binary\nContent-Disposition: filename=\"document.xml\"</xades:Description><xades:ObjectIdentifier><xades:Identifier Qualifier=\"OIDAsURI\">http://www.certum.pl/OIDAsURI/signedFile/1.2.616.1.113527.3.1.1.3.1</xades:Identifier><xades:Description>Opis formatu dokumentu oraz jego pełna nazwa</xades:Description><xades:DocumentationReferences><xades:DocumentationReference>http://www.certum.pl/OIDAsURI/signedFile.pdf</xades:DocumentationReference></xades:DocumentationReferences></xades:ObjectIdentifier><xades:MimeType>text/xml</xades:MimeType></xades:DataObjectFormat></xades:SignedDataObjectProperties></xades:SignedProperties><xades:UnsignedProperties Id=\"UnsignedProperties_82293989-89da-11f0-96ee-f4b520280ac5_02\"/></xades:QualifyingProperties></ds:Object></ds:Signature></factura>",
      "ride_autorizado": "rides/1713959011001/RIDE_002-999-000000005_jb9o315.pdf"
    }
  },
  {
    "model": "inventario.detallefactura",
    "pk": 162,
    "fields": {
      "empresa": null,
      "factura": 1,
      "producto": 1,
      "cantidad": 1,
      "sub_total": "1.00",
      "servicio": null,
      "total": "1.15",
      "descuento": "0.00",
      "porcentaje_descuento": "0.00",
      "precio_sin_subsidio": null
    }
  },
  {
    "model": "inventario.detallefactura",
    "pk": 163,
    "fields": {
      "empresa": null,
      "factura": 2,
      "producto": 1,
      "cantidad": 1,
      "sub_total": "1.00",
      "servicio": null,
      "total": "1.15",
      "descuento": "0.00",
      "porcentaje_descuento": "0.00",
      "precio_sin_subsidio": null
    }
  },
  {
    "model": "inventario.detallefactura",
    "pk": 164,
    "fields": {
      "empresa": null,
      "factura": 3,
      "producto": 1,
      "cantidad": 1,
      "sub_total": "1.00",
      "servicio": null,
      "total": "1.15",
      "descuento": "0.00",
      "porcentaje_descuento": "0.00",
      "precio_sin_subsidio": null
    }
  },
  {
    "model": "inventario.detallefactura",
    "pk": 165,
    "fields": {
      "empresa": null,
      "factura": 4,
      "producto": 1,
      "cantidad": 1,
      "sub_total": "1.00",
      "servicio": null,
      "total": "1.15",
      "descuento": "0.00",
      "porcentaje_descuento": "0.00",
      "precio_sin_subsidio": null
    }
  },
  {
    "model": "inventario.detallefactura",
    "pk": 166,
    "fields": {
      "empresa": null,
      "factura": 5,
      "producto": 1,
      "cantidad": 1,
      "sub_total": "1.00",
      "servicio": null,
      "total": "1.15",
      "descuento": "0.00",
      "porcentaje_descuento": "0.00",
      "precio_sin_subsidio": null
    }
  },
  {
    "model": "inventario.formapago",
    "pk": 27,
    "fields": {
      "empresa": null,
      "factura": 1,
      "forma_pago": "01",
      "caja": 1,
      "total": "1.15",
      "plazo": null,
      "unidad_tiempo": null
    }
  },
  {
    "model": "inventario.formapago",
    "pk": 28,
    "fields": {
      "empresa": null,
      "factura": 2,
      "forma_pago": "01",
      "caja": 1,
      "total": "1.15",
      "plazo": null,
      "unidad_tiempo": null
    }
  },
  {
    "model": "inventario.formapago",
    "pk": 29,
    "fields": {
      "empresa": null,
      "factura": 3,
      "forma_pago": "01",
      "caja": 1,
      "total": "1.15",
      "plazo": null,
      "unidad_tiempo": null
    }
  },
  {
    "model": "inventario.formapago",
    "pk": 30,
    "fields": {
      "empresa": null,
      "factura": 4,
      "forma_pago": "01",
      "caja": 1,
      "total": "1.15",
      "plazo": null,
      "unidad_tiempo": null
    }
  },
  {
    "model": "inventario.formapago",
    "pk": 31,
    "fields": {
      "empresa": null,
      "factura": 5,
      "forma_pago": "01",
      "caja": 1,
      "total": "1.15",
      "plazo": null,
      "unidad_tiempo": null
    }
  },
  {
    "model": "inventario.banco",
    "pk": 1,
    "fields": {
      "empresa": null,
      "banco": "Banco Pichincha",
      "titular": "CAMILO ANDRÉS CALDERÓN",
      "numero_cuenta": "2211253587",
      "activo": true,
      "saldo_inicial": "0.00",
      "tipo_cuenta": "AHORROS",
      "fecha_apertura": "2019-06-06",
      "telefono": "09911154755",
      "secuencial_cheque": 1,
      "observaciones": "Cuenta personal del Sr. Pumalpa",
      "fecha_creacion": "2025-07-15T15:17:54.915Z",
      "fecha_actualizacion": "2025-07-15T15:51:05.408Z",
      "creado_por": [
        "1713959011001"
      ]
    }
  },
  {
    "model": "inventario.caja",
    "pk": 1,
    "fields": {
      "empresa": null,
      "descripcion": "CAJA VENTAS",
      "activo": true,
      "fecha_creacion": "2025-07-14T21:32:33.120Z",
      "fecha_actualizacion": "2025-07-14T21:36:30.276Z",
      "creado_por": [
        "1713959011001"
      ]
    }
  },
  {
    "model": "inventario.almacen",
    "pk": 7,
    "fields": {
      "empresa": null,
      "descripcion": "Almacén General",
      "activo": true
    }
  },
  {
    "model": "inventario.almacen",
    "pk": 8,
    "fields": {
      "empresa": null,
      "descripcion": "Leviatán",
      "activo": false
    }
  },
  {
    "model": "inventario.almacen",
    "pk": 9,
    "fields": {
      "empresa": null,
      "descripcion": "Surfer",
      "activo": true
    }
  },
  {
    "model": "inventario.secuencia",
    "pk": 4,
    "fields": {
      "empresa": null,
      "descripcion": "FACTURAS MA SOLEDAD",
      "tipo_documento": "01",
      "secuencial": 2,
      "establecimiento": 4,
      "punto_emision": 5,
      "activo": true,
      "iva": true,
      "fiscal": true,
      "documento_electronico": true
    }
  },
  {
    "model": "inventario.secuencia",
    "pk": 5,
    "fields": {
      "empresa": null,
      "descripcion": "FACTURAS LOCAL 29 DE MAYO",
      "tipo_documento": "01",
      "secuencial": 24,
      "establecimiento": 3,
      "punto_emision": 5,
      "activo": true,
      "iva": true,
      "fiscal": true,
      "documento_electronico": true
    }
  },
  {
    "model": "inventario.secuencia",
    "pk": 6,
    "fields": {
      "empresa": null,
      "descripcion": "LOCAL CENTRO",
      "tipo_documento": "01",
      "secuencial": 37,
      "establecimiento": 1,
      "punto_emision": 25,
      "activo": true,
      "iva": true,
      "fiscal": true,
      "documento_electronico": true
    }
  },
  {
    "model": "inventario.secuencia",
    "pk": 7,
    "fields": {
      "empresa": null,
      "descripcion": "CAJA PRUEBAS",
      "tipo_documento": "01",
      "secuencial": 3,
      "establecimiento": 2,
      "punto_emision": 999,
      "activo": true,
      "iva": true,
      "fiscal": true,
      "documento_electronico": true
    }
  },
  {
    "model": "inventario.facturador",
    "fields": {
      "password": "pbkdf2_sha256$870000$12sfFtIim6zVDdTkZCoNEG$xe1uuZ2iVA10wtIEHzLcKY5+n0sZ33ePvJ9tE0eFoN8=",
      "last_login": null,
      "empresa": null,
      "nombres": "2300617863",
      "telefono": "099178854633",
      "correo": "guti@gmail.com",
      "activo": true,
      "descuento_permitido": "20.00",
      "fecha_creacion": "2025-06-16T15:42:01.132Z",
      "fecha_actualizacion": "2025-06-16T15:42:01.132Z"
    }
  },
  {
    "model": "inventario.facturador",
    "fields": {
      "password": "pbkdf2_sha256$870000$oE9t4F6qlEBQd7dNxYEVnm$qqacYmEQ/PwjpEA2oo40PY6eEw66X10B5aeoTCBqkLQ=",
      "last_login": null,
      "empresa": null,
      "nombres": "CAMILO CALDERÓN",
      "telefono": "0991116753",
      "correo": "camilo.pumalpa@gmail.com",
      "activo": true,
      "descuento_permitido": "30.00",
      "fecha_creacion": "2025-08-01T18:03:48.432Z",
      "fecha_actualizacion": "2025-08-01T18:03:48.432Z"
    }
  },
  {
    "model": "inventario.facturador",
    "fields": {
      "password": "pbkdf2_sha256$870000$UrJJx5Y1BYFVV4eJF4wVBo$5x+YuzGOdyaIDxiHq6YYt5tXLmdxiYguPnKQcTsOndc=",
      "last_login": null,
      "empresa": null,
      "nombres": "KELLY POZO",
      "telefono": "",
      "correo": "KLEBERSON@gmail.com",
      "activo": true,
      "descuento_permitido": "20.00",
      "fecha_creacion": "2025-09-03T15:38:41.567Z",
      "fecha_actualizacion": "2025-09-03T15:38:41.567Z"
    }
  }
]